dataset,gamma,h,method,recall,precision,fscore,beta
karate,0.6,1.0,M-based,0.437716,0.931373,0.572199,0.5
karate,0.6,1.0,FG-based,0.946367,0.921053,0.931818,0.5
dolphins,1.0,0.6,M-based,0.191675,0.956989,0.304124,0.5
dolphins,1.0,0.6,FG-based,0.968510,0.951892,0.959983,0.5
polbooks,0.6,0.6,M-based,0.174112,0.795524,0.271111,0.5
polbooks,0.6,0.6,FG-based,0.791361,0.754714,0.757999,0.5
lfr1,0.8,0.8,M-based,0.214727,0.844907,0.323197,0.5
lfr1,0.8,0.8,FG-based,0.929291,0.818573,0.866289,0.5
lfr2,0.6,1.0,M-based,0.161478,0.594162,0.232308,0.5
lfr2,0.6,1.0,FG-based,0.667105,0.434166,0.425238,0.5
lfr5,0.8,0.6,M-based,0.072504,0.364051,0.114160,0.5
lfr5,0.8,0.6,FG-based,0.976555,0.176836,0.285190,0.5
