dataset,gamma,h,recall,precision,fscore,beta
karate,0.6,0.6,1,0.5,0.666667,0.5
karate,0.6,0.8,1,0.5,0.666667,0.5
karate,0.6,1,0.946367,0.921053,0.931818,0.5
karate,0.6,1.2,0.946367,0.921053,0.931818,0.5
karate,0.6,1.4,0.946367,0.921053,0.931818,0.5
karate,0.8,0.6,1,0.5,0.666667,0.5
karate,0.8,0.8,1,0.5,0.666667,0.5
karate,0.8,1,0.948097,0.674149,0.772876,0.5
karate,0.8,1.2,0.948097,0.674149,0.772876,0.5
karate,0.8,1.4,0.792388,0.794892,0.742502,0.5
karate,1,0.6,1,0.5,0.666667,0.5
karate,1,0.8,0.982699,0.538032,0.694373,0.5
karate,1,1,0.948097,0.674149,0.772876,0.5
karate,1,1.2,0.856401,0.721362,0.72809,0.5
karate,1,1.4,0.794118,0.76548,0.708833,0.5
dolphins,0.6,0.6,0.906748,0.956151,0.904905,0.5
dolphins,0.6,0.8,0.827283,0.954002,0.861389,0.5
dolphins,0.6,1,0.713986,0.961618,0.786454,0.5
dolphins,0.6,1.2,0.643513,0.964047,0.738626,0.5
dolphins,0.6,1.4,0.618729,0.964047,0.710571,0.5
dolphins,0.8,0.6,0.940205,0.940022,0.936062,0.5
dolphins,0.8,0.8,0.870312,0.945399,0.884987,0.5
dolphins,0.8,1,0.726331,0.954231,0.800123,0.5
dolphins,0.8,1.2,0.518827,0.961144,0.647659,0.5
dolphins,0.8,1.4,0.492713,0.959601,0.625057,0.5
dolphins,1,0.6,0.953149,0.938163,0.945441,0.5
dolphins,1,0.8,0.488592,0.962736,0.627486,0.5
dolphins,1,1,0.468529,0.961952,0.614873,0.5
dolphins,1,1.2,0.453186,0.95696,0.600404,0.5
dolphins,1,1.4,0.433517,0.951828,0.576768,0.5
polbooks,0.6,0.6,0.826134,0.760405,0.776073,0.5
polbooks,0.6,0.8,0.826134,0.760405,0.776073,0.5
polbooks,0.6,1,0.796172,0.778179,0.771551,0.5
polbooks,0.6,1.2,0.796172,0.778179,0.771551,0.5
polbooks,0.6,1.4,0.751687,0.784285,0.750967,0.5
polbooks,0.8,0.6,0.743195,0.730674,0.716072,0.5
polbooks,0.8,0.8,0.712067,0.748611,0.711727,0.5
polbooks,0.8,1,0.701384,0.748655,0.707019,0.5
polbooks,0.8,1.2,0.651501,0.749199,0.664183,0.5
polbooks,0.8,1.4,0.605766,0.747311,0.631243,0.5
polbooks,1,0.6,0.673489,0.747072,0.676149,0.5
polbooks,1,0.8,0.643751,0.765316,0.670271,0.5
polbooks,1,1,0.643751,0.767453,0.670743,0.5
polbooks,1,1.2,0.569066,0.768746,0.60283,0.5
polbooks,1,1.4,0.502474,0.784219,0.550979,0.5
lfr1,0.6,0.6,0.944409,0.562035,0.644799,0.5
lfr1,0.6,0.8,0.920239,0.819363,0.847062,0.5
lfr1,0.6,1,0.906808,0.840109,0.863917,0.5
lfr1,0.6,1.2,0.902433,0.846172,0.860597,0.5
lfr1,0.6,1.4,0.81254,0.842442,0.784104,0.5
lfr1,0.8,0.6,0.951885,0.625871,0.704869,0.5
lfr1,0.8,0.8,0.929291,0.818573,0.866289,0.5
lfr1,0.8,1,0.916157,0.813513,0.85587,0.5
lfr1,0.8,1.2,0.90709,0.80971,0.848073,0.5
lfr1,0.8,1.4,0.792201,0.805963,0.750859,0.5
lfr1,1,0.6,0.925783,0.766302,0.815733,0.5
lfr1,1,0.8,0.912156,0.791139,0.836195,0.5
lfr1,1,1,0.911639,0.793265,0.836131,0.5
lfr1,1,1.2,0.805875,0.803819,0.750789,0.5
lfr1,1,1.4,0.740636,0.81444,0.699703,0.5
lfr2,0.6,0.6,0.880696,0.241802,0.295948,0.5
lfr2,0.6,0.8,0.793387,0.374961,0.402447,0.5
lfr2,0.6,1,0.667105,0.434166,0.425238,0.5
lfr2,0.6,1.2,0.531719,0.508418,0.420776,0.5
lfr2,0.6,1.4,0.477565,0.564022,0.421041,0.5
lfr2,0.8,0.6,0.981226,0.205978,0.318737,0.5
lfr2,0.8,0.8,0.912863,0.258949,0.360568,0.5
lfr2,0.8,1,0.843438,0.274694,0.349177,0.5
lfr2,0.8,1.2,0.789849,0.302216,0.337465,0.5
lfr2,0.8,1.4,0.696234,0.339816,0.320506,0.5
lfr2,1,0.6,0.929206,0.224734,0.33516,0.5
lfr2,1,0.8,0.861551,0.254183,0.337641,0.5
lfr2,1,1,0.78056,0.268302,0.3141,0.5
lfr2,1,1.2,0.677391,0.30631,0.293669,0.5
lfr2,1,1.4,0.642494,0.32233,0.286812,0.5
lfr5,0.6,0.6,0.877698,0.189279,0.269776,0.5
lfr5,0.6,0.8,0.731383,0.197812,0.250326,0.5
lfr5,0.6,1,0.51642,0.226174,0.225545,0.5
lfr5,0.6,1.2,0.314035,0.271996,0.177378,0.5
lfr5,0.6,1.4,0.251928,0.293159,0.161967,0.5
lfr5,0.8,0.6,0.976555,0.176836,0.28519,0.5
lfr5,0.8,0.8,0.903428,0.182701,0.269206,0.5
lfr5,0.8,1,0.853384,0.191739,0.262505,0.5
lfr5,0.8,1.2,0.796028,0.198603,0.249319,0.5
lfr5,0.8,1.4,0.772901,0.206728,0.243858,0.5
lfr5,1,0.6,0.935503,0.184445,0.278244,0.5
lfr5,1,0.8,0.823913,0.197557,0.256922,0.5
lfr5,1,1,0.743765,0.205605,0.241101,0.5
lfr5,1,1.2,0.72469,0.208711,0.236077,0.5
lfr5,1,1.4,0.72469,0.210488,0.236231,0.5
